﻿participant,group,session,location,noise,date,exp,datediff,flat_na,exclude,exclude_reason,techerror,nonlearner
04_04,audio_temp,1,Home,5,2021-02-15_10h36.03.827,audio_temporal,0,0,0,,0,0
07_07,audio_temp,1,home,1,2021-02-17_15h39.15.094,audio_temporal,0,0,0,,0,0
09_09,audio_temp,1,home,1,2021-02-21_13h46.42.328,audio_temporal,0,0,0,,0,1
16_16,audio_temp,1,home,3,2021-02-26_18h37.09.926,audio_temporal,0,0,0,,0,1
17_17,audio_temp,1,home,3,2021-02-27_12h07.23.051,audio_temporal,0,0,0,,0,0
26_23,audio_temp,1,home,3,2021-03-11_19h42.42.481,audio_temporal,0,0,0,,0,1
30_28,audio_temp,1,home,2,2021-03-15_08h48.23.891,audio_temporal,0,1,1,unusually high target task thresholds across sessions,0,0
36_32,audio_temp,1,home,2,2021-03-20_13h27.46.499,audio_temporal,0,0,0,,0,0
37_33,audio_temp,1,home,2,2021-03-22_09h13.57.148,audio_temporal,0,0,0,,0,0
41_38,audio_temp,1,home,2,2021-03-26_17h32.20.193,audio_temporal,0,0,0,,0,1
48_44,audio_temp,1,home,3,2021-04-02_11h34.08.123,audio_temporal,0,0,0,exclude session 1 only; used wireless headphones,1,0
50_46,audio_temp,1,home,2,2021-04-02_16h09.56.972,audio_temporal,0,0,0,,0,0
53_49,audio_temp,1,home,2,2021-04-05_18h12.59.420,audio_temporal,0,0,0,,0,1
60_56,audio_temp,1,home,3,2021-04-11_17h57.08.795,audio_temporal,0,1,1,unusually high target task thresholds across sessions,0,0
61_57,audio_temp,1,home,1,2021-04-11_22h42.24.848,audio_temporal,0,0,0,,0,0
69_64,audio_temp,1,home,3,2021-04-17_21h02.27.075,audio_temporal,0,0,0,,0,1
73_73,audio_temp,1,school,7,2021-04-28_04h23.17.087,audio_temporal,0,0,0,"exclude session 4 only; participant accidentally hit escape key and could not resume run mid-experiment; cannot determine num of trials ran, so had to withdraw",0,0
74_69,audio_temp,1,home,1,2021-04-23_08h34.31.043,audio_temporal,0,0,0,exclude session 5 only; participant's browser quit mid-run and could not resume where quit; cannot determine num of trials,0,0
81_76,audio_temp,1,home,1,2021-05-01_11h57.30.609,audio_temporal,0,0,0,,0,0
82_78,audio_temp,1,HOME,1,2021-05-03_22h07.44.706,audio_temporal,0,0,1,unusually high threshold,0,0
83_79,audio_temp,1,home,3,2021-05-04_12h34.11.893,audio_temporal,0,0,0,,0,0
85_81,audio_temp,1,home,3,2021-05-04_20h05.52.428,audio_temporal,0,0,0,,0,1
88_82,audio_temp,1,home,2,2021-05-09_14h21.48.653,audio_temporal,0,0,0,,0,0
01_01,fd,1,home,2,2021-02-01_17h05.02.809,freq_only,0,0,0,,0,1
05_05,fd,1,home,3,2021-02-16_14h30.40.929,freq_only,0,1,0,unusually high dl and flat psychometric function,0,0
10_10,fd,1,home,6.5,2021-02-21_17h52.42.123,freq_only,0,0,0,,0,0
14_14,fd,1,home,2,2021-02-25_08h34.03.350,freq_only,0,0,0,,0,1
18_18,fd,1,Home,1,2021-02-27_14h37.12.769,freq_only,0,0,0,,0,1
25_22,fd,1,home,2,2021-03-10_21h58.34.985,freq_only,0,1,1,unusually high target task thresholds across sessions,0,0
29_26,fd,1,home,2,2021-03-12_20h46.57.135,freq_only,0,0,0,,0,0
33_31,fd,1,home,2,2021-03-18_22h35.44.096,freq_only,0,0,0,,0,1
38_34,fd,1,home,3,2021-03-22_13h10.11.957,freq_only,0,0,0,,0,0
43_40,fd,1,home,3,2021-03-27_14h26.27.711,freq_only,0,1,0,unuusal frequency dl estimate,0,0
45_41,fd,1,home,3,2021-03-29_09h29.57.249,freq_only,0,0,0,,0,1
51_47,fd,1,home,1,2021-04-04_12h31.50.683,freq_only,0,1,1,unusually high target task thresholds across sessions,0,0
56_52,fd,1,home,2,2021-04-07_18h05.20.419,freq_only,0,0,0,,0,0
58_54,fd,1,home,1,2021-04-09_22h49.56.678,freq_only,0,0,0,,0,1
63_58,fd,1,home,1,2021-04-12_13h45.48.918,freq_only,0,0,0,,0,1
67_63,fd,1,home,1,2021-04-16_17h00.51.562,freq_only,0,0,0,,0,0
76_71,fd,1,Home,3,2021-04-25_20h59.27.974,freq_only,0,0,0,,0,0
77_72,fd,1,home,3,2021-04-26_13h30.52.052,freq_only,0,0,0,,0,1
78_74,fd,1,home,3,2021-04-28_17h31.05.863,freq_only,0,0,0,,0,0
80_77,fd,1,home,2,2021-05-03_10h10.33.530,freq_only,0,1,1,unusually high threshold,0,0
84_80,fd,1,Home,2,2021-05-04_15h37.51.018,freq_only,0,0,0,,0,0
87_83,fd,1,Home,2,2021-05-10_13h38.03.888,freq_only,0,0,0,,0,0
03_03,fdt,1,home,2,2021-02-12_20h08.15.194,freq_temporal,0,0,0,,0,0
06_06,fdt,1,home,2,2021-02-17_13h24.03.689,freq_temporal,0,0,0,,0,0
11_11,fdt,1,home,2,2021-02-21_20h39.53.499,freq_temporal,0,0,0,,0,1
13_13,fdt,1,Study room,1,2021-02-23_16h43.23.870,freq_temporal,0,0,0,,0,0
22_20,fdt,1,home,1,2021-03-09_16h39.45.549,freq_temporal,0,0,0,,0,0
23_21,fdt,1,home,2,2021-03-09_16h09.57.745,freq_temporal,0,0,0,,0,0
28_25,fdt,1,home,2,2021-03-12_11h40.33.266,freq_temporal,0,0,0,,0,0
31_29,fdt,1,home,3,2021-03-16_17h38.11.950,freq_temporal,0,1,0,unusually high dl and relatively flat psychometric function,0,0
39_35,fdt,1,home,3,2021-03-23_17h14.10.386,freq_temporal,0,0,0,,0,0
42_39,fdt,1,Home,1,2021-03-27_11h08.14.301,freq_temporal,0,0,0,,0,0
47_43,fdt,1,Bedroom,1,2021-04-01_21h04.36.141,freq_temporal,0,0,0,,0,0
49_45,fdt,1,home,1,2021-04-02_15h42.45.527,freq_temporal,0,0,0,,0,0
54_50,fdt,1,home,2,2021-04-06_22h35.28.619,freq_temporal,0,0,0,,0,0
57_53,fdt,1,home,2,2021-04-07_20h34.01.005,freq_temporal,0,0,0,,0,0
65_60,fdt,1,home,2,2021-04-13_20h44.09.456,freq_temporal,0,0,0,,0,0
66_62,fdt,1,home,1,2021-04-15_21h18.38.595,freq_temporal,0,1,1,unusual flat psychometric function,0,0
70_65,fdt,1,home,4,2021-04-18_10h34.47.636,freq_temporal,0,0,0,,0,1
79_75,fdt,1,home,3,2021-04-29_19h03.03.503,freq_temporal,0,0,0,,0,0
01_01,fd,1,home,2,2021-02-01_17h55.12.102,target,0,0,0,,0,1
01_01,fd,2,home,2,2021-02-02_18h58.57.987,target,1,0,0,,0,1
01_01,fd,3,home,3,2021-02-03_16h41.31.390,target,2,0,0,,0,1
01_01,fd,4,home,4,2021-02-04_19h30.36.737,target,3,0,0,,0,1
01_01,fd,5,home,4,2021-02-05_19h10.48.636,target,4,0,0,,0,1
02_02,control,1,home,2,2021-02-06_14h59.35.921,target,0,0,0,,0,0
02_02,control,2,home,3,2021-02-07_12h20.01.423,target,1,0,0,,0,0
02_02,control,3,home,2,2021-02-08_16h04.49.299,target,2,0,0,,0,0
02_02,control,4,home,3,2021-02-10_18h43.47.033,target,4,0,0,,0,0
02_02,control,5,home,3,2021-02-11_17h38.50.325,target,5,0,0,,0,0
03_03,fdt,1,home,2,2021-02-12_20h52.21.678,target,0,0,0,,0,0
03_03,fdt,2,home,1,2021-02-14_20h11.46.747,target,2,0,0,,0,0
03_03,fdt,3,home,2,2021-02-15_20h19.43.828,target,3,0,0,,0,0
03_03,fdt,4,home,1,2021-02-16_19h57.41.652,target,4,0,0,,0,0
03_03,fdt,5,home,1,2021-02-17_19h34.09.278,target,5,0,0,,0,0
04_04,audio_temp,1,Home,5,2021-02-15_11h23.11.345,target,0,0,0,,0,0
04_04,audio_temp,2,Home,5,2021-02-17_09h04.05.892,target,2,0,0,,0,0
04_04,audio_temp,3,Home,5,2021-02-18_14h34.54.977,target,3,0,0,,0,0
04_04,audio_temp,4,Home,5,2021-02-20_09h04.55.981,target,5,0,0,,0,0
04_04,audio_temp,5,Home,5,2021-02-22_14h03.53.259,target,7,0,0,,0,0
05_05,fd,1,home,3,2021-02-16_15h13.00.819,target,0,0,0,,0,0
05_05,fd,2,home,2,2021-02-19_15h02.39.800,target,3,0,0,,0,0
05_05,fd,3,home,3,2021-02-22_12h59.58.066,target,6,0,0,,0,0
05_05,fd,4,home,2,2021-02-25_13h26.39.784,target,9,0,0,,0,0
05_05,fd,5,home,2,2021-02-26_14h58.57.877,target,10,0,0,,0,0
06_06,fdt,1,home,1,2021-02-17_14h11.00.723,target,0,0,0,,0,0
06_06,fdt,2,,,,target,,0,0,,0,0
06_06,fdt,3,,,,target,,0,0,,0,0
06_06,fdt,4,,,,target,,0,0,,0,0
06_06,fdt,5,,,,target,,0,0,,0,0
07_07,audio_temp,1,home,2,2021-02-17_16h36.26.481,target,0,0,0,,0,0
07_07,audio_temp,2,home,1,2021-02-19_12h02.41.464,target,2,0,0,,0,0
07_07,audio_temp,3,home,1,2021-02-20_15h09.48.494,target,3,0,0,,0,0
07_07,audio_temp,4,home,1,2021-02-21_12h03.16.515,target,4,0,0,,0,0
07_07,audio_temp,5,home,1,2021-02-23_12h03.22.270,target,6,0,0,,0,0
08_08,control,1,home,2,2021-02-18_17h50.09.005,target,0,0,0,,0,0
08_08,control,2,home,2,2021-02-19_13h21.53.568,target,1,0,0,,0,0
08_08,control,3,home,3,2021-02-20_13h33.51.280,target,2,0,0,,0,0
08_08,control,4,home,2,2021-02-21_15h48.07.712,target,3,0,0,,0,0
08_08,control,5,home,2,2021-02-22_18h41.13.929,target,4,0,0,,0,0
09_09,audio_temp,1,home,1,2021-02-21_14h35.07.123,target,0,0,0,,0,1
09_09,audio_temp,2,home,1,2021-02-24_16h05.59.462,target,3,0,0,,0,1
09_09,audio_temp,3,home 2,1,2021-02-27_09h03.39.437,target,6,0,0,,0,1
09_09,audio_temp,4,home,1,2021-03-03_16h00.38.388,target,10,0,0,,0,1
09_09,audio_temp,5,home,3,2021-03-06_10h06.44.475,target,13,0,0,,0,1
10_10,fd,1,home,6.5,2021-02-21_18h53.58.291,target,0,0,0,,0,0
10_10,fd,2,home,3,2021-02-22_17h37.30.066,target,1,0,0,,0,0
10_10,fd,3,home,3,2021-02-23_21h06.44.237,target,2,0,0,,0,0
10_10,fd,4,home,3,2021-02-24_21h04.39.283,target,3,0,0,,0,0
10_10,fd,5,home,3,2021-02-25_21h09.31.228,target,4,0,0,,0,0
11_11,fdt,1,home,1,2021-02-21_21h32.53.390,target,0,0,0,,0,1
11_11,fdt,2,home,1,2021-02-23_22h04.02.426,target,2,0,0,,0,1
11_11,fdt,3,home,1,2021-02-24_22h02.33.856,target,3,0,0,,0,1
11_11,fdt,4,home,1,2021-02-26_11h01.18.649,target,5,0,0,,0,1
11_11,fdt,5,home,1,2021-03-01_14h34.45.976,target,8,0,0,,0,1
12_12,control,1,home,1,2021-02-22_20h15.35.712,target,0,0,0,,0,0
12_12,control,2,home,1,2021-02-24_19h49.59.683,target,2,0,0,,0,0
12_12,control,3,home,1,2021-02-25_19h51.16.040,target,3,0,0,,0,0
12_12,control,4,home,1,2021-02-26_19h04.09.711,target,4,0,0,,0,0
12_12,control,5,home,1,2021-03-01_19h04.23.228,target,7,0,0,,0,0
13_13,fdt,1,Study room,1,2021-02-23_17h33.02.348,target,0,0,0,,0,0
13_13,fdt,2,Bedroom,1,2021-02-26_13h33.46.603,target,3,0,0,,0,0
13_13,fdt,3,Study room,1,2021-02-28_14h19.00.156,target,5,0,0,,0,0
13_13,fdt,4,Study room,1,2021-03-02_13h33.41.866,target,7,0,0,,0,0
13_13,fdt,5,Study room,1,2021-03-03_18h34.51.463,target,8,0,0,,0,0
14_14,fd,1,home,3,2021-02-25_09h22.51.941,target,0,0,0,,0,1
14_14,fd,2,home,2,2021-02-26_09h16.19.790,target,1,0,0,,0,1
14_14,fd,3,home,4,2021-02-27_13h47.00.955,target,2,0,0,,0,1
14_14,fd,4,home,4,2021-02-28_16h57.46.287,target,3,0,0,,0,1
14_14,fd,5,home,2,2021-03-01_17h01.44.511,target,4,0,0,,0,1
15_15,control,1,home,1,2021-02-26_13h45.28.540,target,0,0,0,,0,1
15_15,control,2,home,1,2021-02-27_15h59.43.948,target,1,0,0,,0,1
15_15,control,3,home,1,2021-02-28_16h02.17.103,target,2,0,0,,0,1
15_15,control,4,home,1,2021-03-03_16h32.27.931,target,5,0,0,,0,1
15_15,control,5,home,1,2021-03-06_16h00.53.569,target,8,0,0,,0,1
16_16,audio_temp,1,home,3,2021-02-26_19h28.18.784,target,0,0,0,,0,1
16_16,audio_temp,2,home,3,2021-03-01_14h36.28.274,target,3,0,0,,0,1
16_16,audio_temp,3,home,3,2021-03-03_14h34.14.024,target,5,0,0,,0,1
16_16,audio_temp,4,office,2,2021-03-04_15h34.36.748,target,6,0,0,,0,1
16_16,audio_temp,5,office,2,2021-03-05_14h35.19.084,target,7,0,0,,0,1
17_17,audio_temp,1,home,3,2021-02-27_12h56.30.604,target,0,0,0,,0,0
17_17,audio_temp,2,home,3,2021-02-28_11h08.30.299,target,1,0,0,,0,0
17_17,audio_temp,3,home,3,2021-03-01_16h35.41.501,target,2,0,0,,0,0
17_17,audio_temp,4,home,3,2021-03-02_17h59.05.152,target,3,0,0,,0,0
17_17,audio_temp,5,home,3,2021-03-06_11h19.29.963,target,7,0,0,,0,0
18_18,fd,1,Home,1,2021-02-27_15h20.27.540,target,0,0,0,,0,1
18_18,fd,2,Home,1,2021-02-28_13h07.30.394,target,1,0,0,,0,1
18_18,fd,3,Home,1,2021-03-01_15h31.01.160,target,2,0,0,,0,1
18_18,fd,4,Home,1,2021-03-02_16h47.56.436,target,3,0,0,,0,1
18_18,fd,5,Home,1,2021-03-03_07h17.28.985,target,4,0,0,,0,1
19_19,control,1,,,,target,0,1,1,unusually high target task thresholds across sessions,1,0
19_19,control,2,home,3,2021-03-08_14h16.20.398,target,3,1,1,unusually high target task thresholds across sessions,0,0
19_19,control,3,home,3,2021-03-11_14h18.07.575,target,6,1,1,unusually high target task thresholds across sessions,0,0
19_19,control,4,home,3,2021-03-12_15h34.59.782,target,7,1,1,unusually high target task thresholds across sessions,0,0
19_19,control,5,home,2,2021-03-15_15h37.44.206,target,10,1,1,unusually high target task thresholds across sessions,0,0
22_20,fdt,1,home,1,2021-03-09_17h35.36.339,target,0,0,0,,0,0
22_20,fdt,2,home,1,2021-03-12_18h21.16.234,target,3,0,0,,0,0
22_20,fdt,3,home,1,2021-03-15_10h34.01.130,target,6,0,0,,0,0
22_20,fdt,4,home,1,2021-03-18_11h05.17.788,target,9,0,0,,0,0
22_20,fdt,5,home,1,2021-03-19_12h18.02.060,target,10,0,0,,0,0
23_21,fdt,1,home,2,2021-03-09_16h57.23.324,target,0,0,0,,0,0
23_21,fdt,2,home,2,2021-03-11_13h31.19.240,target,2,0,0,,0,0
23_21,fdt,3,home,2,2021-03-12_16h19.25.444,target,3,0,0,,0,0
23_21,fdt,4,home,2,2021-03-13_12h02.25.847,target,4,0,0,,0,0
23_21,fdt,5,home,2,2021-03-14_12h02.43.839,target,5,0,0,,0,0
24_27,control,1,library study room,1,2021-03-14_16h08.09.067,target,0,0,0,,0,0
24_27,control,2,study room at the library,1,2021-03-16_19h31.32.962,target,2,0,0,,0,0
24_27,control,3,study room of library,1,2021-03-17_19h44.39.218,target,3,0,0,,0,0
24_27,control,4,home,1,2021-03-20_10h00.51.564,target,6,0,0,,0,0
24_27,control,5,home,1,2021-03-21_09h59.39.075,target,7,0,0,,0,0
25_22,fd,1,home,2,2021-03-10_22h52.35.875,target,0,1,1,unusually high target task thresholds across sessions,0,0
25_22,fd,2,home,3,2021-03-11_17h50.15.884,target,1,1,1,unusually high target task thresholds across sessions,0,0
25_22,fd,3,home,3,2021-03-12_13h29.47.916,target,2,1,1,unusually high target task thresholds across sessions,0,0
25_22,fd,4,home,3,2021-03-14_10h12.26.754,target,4,1,1,unusually high target task thresholds across sessions,0,0
25_22,fd,5,home,3,2021-03-15_11h37.36.154,target,5,1,1,unusually high target task thresholds across sessions,0,0
26_23,audio_temp,1,home,3,2021-03-11_20h32.31.691,target,0,0,0,,0,1
26_23,audio_temp,2,home,2,2021-03-14_20h50.23.306,target,3,0,0,,0,1
26_23,audio_temp,3,home,2,2021-03-15_20h50.21.587,target,4,0,0,,0,1
26_23,audio_temp,4,home,3,2021-03-16_20h50.08.895,target,5,0,0,,0,1
26_23,audio_temp,5,home,2,2021-03-18_20h50.02.385,target,7,0,0,,0,1
27_24,control,1,home,2,2021-03-11_21h59.28.689,target,0,0,0,,0,1
27_24,control,2,home,2,2021-03-14_17h33.39.839,target,3,0,0,,0,1
27_24,control,3,home,3,2021-03-17_20h59.42.733,target,6,0,0,,0,1
27_24,control,4,,,,target,,0,0,,0,1
27_24,control,5,,,,target,,0,0,,0,1
28_25,fdt,1,home,2,2021-03-12_12h27.03.253,target,0,0,0,,0,0
28_25,fdt,2,home,2,2021-03-15_13h21.57.045,target,3,0,0,,0,0
28_25,fdt,3,home,2,2021-03-18_18h51.49.489,target,6,0,0,,0,0
28_25,fdt,4,home,2,2021-03-22_11h12.41.290,target,10,0,0,,0,0
28_25,fdt,5,home,2,2021-03-24_12h03.28.314,target,12,0,0,,0,0
29_26,fd,1,home,2,2021-03-12_21h30.17.551,target,0,0,0,,0,0
29_26,fd,2,home,2,2021-03-13_13h49.04.465,target,1,0,0,,0,0
29_26,fd,3,home,4,2021-03-14_18h31.07.384,target,2,0,0,,0,0
29_26,fd,4,home,4,2021-03-15_19h35.14.538,target,3,0,0,,0,0
29_26,fd,5,home,4,2021-03-17_18h50.37.431,target,5,0,0,,0,0
30_28,audio_temp,1,home,2,2021-03-15_09h35.52.851,target,0,1,1,unusually high target task thresholds across sessions,0,0
30_28,audio_temp,2,home,1,2021-03-17_07h33.09.746,target,2,1,1,unusually high target task thresholds across sessions,0,0
30_28,audio_temp,3,home,1,2021-03-19_06h33.51.885,target,4,1,1,unusually high target task thresholds across sessions,0,0
30_28,audio_temp,4,home,1,2021-03-21_20h04.53.014,target,6,1,1,unusually high target task thresholds across sessions,0,0
30_28,audio_temp,5,home,2,2021-03-23_08h10.59.565,target,8,1,1,unusually high target task thresholds across sessions,0,0
31_29,fdt,1,home,3,2021-03-16_18h27.21.522,target,0,0,0,,0,0
31_29,fdt,2,home,3,2021-03-17_17h35.28.419,target,1,0,0,,0,0
31_29,fdt,3,home,4,2021-03-18_17h49.01.984,target,2,0,0,,0,0
31_29,fdt,4,home,3,2021-03-19_17h03.45.600,target,3,0,0,,0,0
31_29,fdt,5,home,4,2021-03-20_15h37.17.404,target,4,0,0,,0,0
32_30,control,1,,,,target,0,0,0,,1,0
32_30,control,2,home,2,2021-03-18_19h43.36.178,target,1,0,0,,0,0
32_30,control,3,home,3,2021-03-19_22h58.23.859,target,2,0,0,,0,0
32_30,control,4,home,3,2021-03-22_20h01.56.687,target,5,0,0,,0,0
32_30,control,5,home,3,2021-03-23_19h31.31.317,target,6,0,0,,0,0
33_31,fd,1,home,2,2021-03-18_23h19.50.478,target,0,0,0,,0,1
33_31,fd,2,home,2,2021-03-19_11h16.39.909,target,1,0,0,,0,1
33_31,fd,3,home,2,2021-03-20_11h00.47.340,target,2,0,0,,0,1
33_31,fd,4,home,2,2021-03-21_11h00.32.723,target,3,0,0,,0,1
33_31,fd,5,home,3,2021-03-23_13h31.13.174,target,5,0,0,,0,1
35_36,control,1,Home,2,2021-03-25_13h23.02.372,target,0,0,0,,0,0
35_36,control,2,home,2,2021-03-26_15h03.03.734,target,1,0,0,,0,0
35_36,control,3,home,2,2021-03-30_13h55.58.285,target,5,0,0,,0,0
35_36,control,4,home,2,2021-04-01_13h17.16.926,target,7,0,0,,0,0
35_36,control,5,home,2,2021-04-02_14h13.02.185,target,8,0,0,,0,0
36_32,audio_temp,1,home,2,2021-03-20_14h22.32.779,target,0,0,0,,0,0
36_32,audio_temp,2,home,2,2021-03-21_13h04.54.974,target,1,0,0,,0,0
36_32,audio_temp,3,home,2,2021-03-22_19h05.52.201,target,2,0,0,,0,0
36_32,audio_temp,4,home,2,2021-03-23_20h30.40.242,target,3,0,0,,0,0
36_32,audio_temp,5,home,3,2021-03-27_18h03.46.663,target,7,0,0,,0,0
37_33,audio_temp,1,home,2,2021-03-22_10h15.10.841,target,0,0,0,,0,0
37_33,audio_temp,2,home,2,2021-03-24_08h41.16.608,target,2,0,0,,0,0
37_33,audio_temp,3,home,2,2021-03-26_13h04.38.153,target,4,0,0,,0,0
37_33,audio_temp,4,home,2,2021-03-29_11h33.53.932,target,7,0,0,,0,0
37_33,audio_temp,5,home,2,2021-03-31_11h48.49.607,target,9,0,0,,0,0
38_34,fd,1,home,3,2021-03-22_14h04.04.938,target,0,0,0,,0,0
38_34,fd,2,home,3,2021-03-24_14h07.16.604,target,2,0,0,,0,0
38_34,fd,3,home,3,2021-03-28_19h24.56.636,target,6,0,0,,0,0
38_34,fd,4,home,3,2021-03-29_14h02.14.329,target,7,0,0,,0,0
38_34,fd,5,home,2,2021-03-31_17h04.05.979,target,9,0,0,,0,0
39_35,fdt,1,home,2,2021-03-23_18h02.34.379,target,0,0,0,,0,0
39_35,fdt,2,home,2,2021-03-24_13h04.13.906,target,1,0,0,,0,0
39_35,fdt,3,home,3,2021-03-26_09h03.09.772,target,3,0,0,,0,0
39_35,fdt,4,home,3,2021-03-27_09h33.21.243,target,4,0,0,,0,0
39_35,fdt,5,home,2,2021-03-28_10h02.40.812,target,5,0,0,,0,0
40_37,control,1,home,1,2021-03-25_19h51.55.779,target,0,1,1,unusually high target task thresholds across sessions; unusually high response times,0,0
40_37,control,2,home,1,2021-03-29_19h41.25.070,target,4,1,1,unusually high target task thresholds across sessions; unusually high response times,0,0
40_37,control,3,home,1,2021-03-30_19h37.06.917,target,5,1,1,unusually high target task thresholds across sessions; unusually high response times,0,0
40_37,control,4,,,,target,,0,1,unusually high target task thresholds across sessions; unusually high response times,0,0
40_37,control,5,,,,target,,0,1,unusually high target task thresholds across sessions; unusually high response times,0,0
41_38,audio_temp,1,home,2,2021-03-26_18h14.44.346,target,0,0,0,,0,1
41_38,audio_temp,2,home,2,2021-03-27_13h01.43.009,target,1,0,0,,0,1
41_38,audio_temp,3,home,2,2021-03-28_13h02.02.572,target,2,0,0,,0,1
41_38,audio_temp,4,home,3,2021-03-29_13h02.51.837,target,3,0,0,,0,1
41_38,audio_temp,5,home,2,2021-03-30_16h46.04.140,target,4,0,0,,0,1
42_39,fdt,1,Home,1,2021-03-27_12h00.15.461,target,0,0,0,,0,0
42_39,fdt,2,Home,1,2021-03-28_20h22.57.840,target,1,0,0,,0,0
42_39,fdt,3,Home,1,2021-03-29_21h38.35.341,target,2,0,0,,0,0
42_39,fdt,4,Home,1,2021-03-30_21h37.58.664,target,3,0,0,,0,0
42_39,fdt,5,Home,1,2021-03-31_21h26.43.430,target,4,0,0,,0,0
43_40,fd,1,home,3,2021-03-27_15h09.35.558,target,0,0,0,,0,0
43_40,fd,2,home,2,2021-03-28_14h01.11.941,target,1,0,0,,0,0
43_40,fd,3,home,2,2021-03-29_18h03.35.039,target,2,0,0,,0,0
43_40,fd,4,Home,3,2021-03-31_18h03.27.216,target,4,0,0,,0,0
43_40,fd,5,Home,2,2021-04-01_18h03.31.660,target,5,0,0,,0,0
44_67,control,1,home,1,2021-04-18_20h51.31.869,target,0,0,0,,0,1
44_67,control,2,home,2,2021-04-19_20h36.50.640,target,1,0,0,,0,1
44_67,control,3,home,1,2021-04-20_20h36.32.748,target,2,0,0,,0,1
44_67,control,4,home,1,2021-04-22_17h07.28.895,target,4,0,0,,0,1
44_67,control,5,home,1,2021-04-25_14h02.13.029,target,7,0,0,,0,1
45_41,fd,1,home,3,2021-03-29_10h17.55.755,target,0,0,0,,0,1
45_41,fd,2,home,3,2021-03-31_14h02.08.168,target,2,0,0,,0,1
45_41,fd,3,home,2,2021-04-02_09h02.26.187,target,4,0,0,,0,1
45_41,fd,4,home,2,2021-04-03_09h05.52.881,target,5,0,0,,0,1
45_41,fd,5,home,2,2021-04-06_18h44.46.388,target,8,0,0,,0,1
46_42,control,1,home,3,2021-04-01_15h07.23.436,target,0,0,0,,0,0
46_42,control,2,home,2,2021-04-03_11h04.23.234,target,2,0,0,,0,0
46_42,control,3,home,1,2021-04-04_11h02.21.972,target,3,0,0,,0,0
46_42,control,4,home,1,2021-04-05_14h03.27.589,target,4,0,0,,0,0
46_42,control,5,home,2,2021-04-06_14h01.19.927,target,5,0,0,,0,0
47_43,fdt,1,bedroom,1,2021-04-01_21h49.02.520,target,0,0,0,,0,0
47_43,fdt,2,bedroom,1,2021-04-05_21h34.18.040,target,4,0,0,,0,0
47_43,fdt,3,bedroom,1,2021-04-09_18h33.56.130,target,8,0,0,,0,0
47_43,fdt,4,Bedroom,1,2021-04-12_22h00.47.520,target,11,0,0,,0,0
47_43,fdt,5,Bedroom,1,2021-04-15_23h04.44.749,target,14,0,0,,0,0
48_44,audio_temp,1,home,3,2021-04-02_12h22.01.558,target,0,0,0,exclude session 1 only; used wireless headphones,1,0
48_44,audio_temp,2,home,2,2021-04-04_15h04.02.394,target,2,0,0,exclude session 1 only; used wireless headphones,0,0
48_44,audio_temp,3,home,2,2021-04-05_11h08.37.224,target,3,0,0,exclude session 1 only; used wireless headphones,0,0
48_44,audio_temp,4,home,2,2021-04-07_14h14.59.040,target,5,0,0,exclude session 1 only; used wireless headphones,0,0
48_44,audio_temp,5,Home,2,2021-04-08_17h50.39.248,target,6,0,0,exclude session 1 only; used wireless headphones,0,0
49_45,fdt,1,home,1,2021-04-02_16h26.53.625,target,0,0,0,,0,0
49_45,fdt,2,home,1,2021-04-05_15h04.42.920,target,3,0,0,,0,0
49_45,fdt,3,home,1,2021-04-06_16h47.59.058,target,4,0,0,,0,0
49_45,fdt,4,home,1,2021-04-07_11h47.21.153,target,5,0,0,,0,0
49_45,fdt,5,home,1,2021-04-08_13h19.12.922,target,6,0,0,,0,0
50_46,audio_temp,1,home,2,2021-04-02_17h00.34.470,target,0,0,0,,0,0
50_46,audio_temp,2,home,2,2021-04-03_10h03.26.942,target,1,0,0,,0,0
50_46,audio_temp,3,home,2,2021-04-04_14h47.41.808,target,2,0,0,,0,0
50_46,audio_temp,4,home,2,2021-04-05_13h03.08.117,target,3,0,0,,0,0
50_46,audio_temp,5,home,2,2021-04-06_14h47.55.260,target,4,0,0,,0,0
51_47,fd,1,home,1,2021-04-04_13h23.39.490,target,0,1,1,unusually high target task thresholds across sessions,0,0
51_47,fd,2,home,1,2021-04-05_20h19.15.092,target,1,1,1,unusually high target task thresholds across sessions,0,0
51_47,fd,3,home,2,2021-04-08_14h18.25.442,target,4,1,1,unusually high target task thresholds across sessions,0,0
51_47,fd,4,home,2,2021-04-09_11h03.32.804,target,5,1,1,unusually high target task thresholds across sessions,0,0
51_47,fd,5,home,2,2021-04-12_16h03.31.239,target,8,1,1,unusually high target task thresholds across sessions,0,0
52_48,control,1,home,2,2021-04-04_20h11.43.936,target,0,0,0,,0,0
52_48,control,2,home,2,2021-04-07_12h41.50.649,target,3,0,0,,0,0
52_48,control,3,home,2,2021-04-09_21h06.35.010,target,5,0,0,,0,0
52_48,control,4,home,2,2021-04-10_12h33.34.324,target,6,0,0,,0,0
52_48,control,5,home,2,2021-04-11_09h02.12.075,target,7,0,0,,0,0
53_49,audio_temp,1,home,2,2021-04-05_18h59.15.683,target,0,0,0,,0,1
53_49,audio_temp,2,home,2,2021-04-06_20h05.07.632,target,1,0,0,,0,1
53_49,audio_temp,3,home,2,2021-04-08_20h02.16.569,target,3,0,0,,0,1
53_49,audio_temp,4,home,3,2021-04-09_20h02.17.098,target,4,0,0,,0,1
53_49,audio_temp,5,home,3,2021-04-11_20h01.33.317,target,6,0,0,,0,1
54_50,fdt,1,home,1,2021-04-06_23h27.24.341,target,0,0,0,,0,0
54_50,fdt,2,home ,2,2021-04-07_22h49.00.987,target,1,0,0,,0,0
54_50,fdt,3,home,1,2021-04-11_18h09.39.202,target,5,0,0,,0,0
54_50,fdt,4,home,1,2021-04-14_19h09.23.004,target,8,0,0,,0,0
54_50,fdt,5,home ,2,2021-04-17_11h04.00.380,target,11,0,0,,0,0
55_51,control,1,home,3,2021-04-07_13h10.45.054,target,0,0,0,,0,1
55_51,control,2,home,1,2021-04-08_18h06.44.746,target,1,0,0,,0,1
55_51,control,3,home,1,2021-04-10_12h05.31.624,target,3,0,0,,0,1
55_51,control,4,home,1,2021-04-11_12h06.49.610,target,4,0,0,,0,1
55_51,control,5,home,2,2021-04-14_20h34.00.473,target,7,0,0,,0,1
56_52,fd,1,home,3,2021-04-07_18h53.21.708,target,0,0,0,,0,0
56_52,fd,2,,,,target,,0,0,,0,0
56_52,fd,3,,,,target,,0,0,,0,0
56_52,fd,4,,,,target,,0,0,,0,0
56_52,fd,5,,,,target,,0,0,,0,0
57_53,fdt,1,home,2,2021-04-07_21h17.44.723,target,0,1,1,unusually high target task thresholds across sessions,0,0
57_53,fdt,2,home,3,2021-04-11_16h03.24.984,target,4,1,1,unusually high target task thresholds across sessions,0,0
57_53,fdt,3,home,4,2021-04-14_16h05.19.488,target,7,1,1,unusually high target task thresholds across sessions,0,0
57_53,fdt,4,home,2,2021-04-16_19h02.52.849,target,9,1,1,unusually high target task thresholds across sessions,0,0
57_53,fdt,5,home,3,2021-04-17_13h59.43.181,target,10,1,1,unusually high target task thresholds across sessions,0,0
58_54,fd,1,home,1,2021-04-09_23h39.21.953,target,0,0,0,,0,1
58_54,fd,2,home,1,2021-04-10_22h06.16.008,target,1,0,0,,0,1
58_54,fd,3,home,1,2021-04-11_21h04.17.718,target,2,0,0,,0,1
58_54,fd,4,home,1,2021-04-13_22h43.04.792,target,4,0,0,,0,1
58_54,fd,5,home,1,2021-04-14_18h04.12.117,target,5,0,0,,0,1
59_55,control,1,home,3,2021-04-10_17h49.55.350,target,0,0,0,,0,1
59_55,control,2,home,2,2021-04-13_18h11.41.781,target,3,0,0,,0,1
59_55,control,3,home,2,2021-04-16_22h09.41.792,target,6,0,0,,0,1
59_55,control,4,home,3,2021-04-17_18h08.00.871,target,7,0,0,,0,1
59_55,control,5,home,3,2021-04-19_18h04.05.829,target,9,0,0,,0,1
60_56,audio_temp,1,home,10,2021-04-11_19h06.04.279,target,0,1,1,unusually high target task thresholds across sessions,0,0
60_56,audio_temp,2,home,2,2021-04-12_16h02.18.131,target,1,1,1,unusually high target task thresholds across sessions,0,0
60_56,audio_temp,3,home,1,2021-04-14_18h52.19.979,target,3,1,1,unusually high target task thresholds across sessions,0,0
60_56,audio_temp,4,home,1,2021-04-18_17h03.27.161,target,7,1,1,unusually high target task thresholds across sessions,0,0
60_56,audio_temp,5,home,2,2021-04-19_16h01.08.913,target,8,1,1,unusually high target task thresholds across sessions,0,0
61_57,audio_temp,1,home,1,2021-04-11_23h29.24.789,target,0,0,0,,0,0
61_57,audio_temp,2,home,1,2021-04-14_20h03.36.350,target,3,0,0,,0,0
61_57,audio_temp,3,home,1,2021-04-15_17h02.52.990,target,4,0,0,,0,0
61_57,audio_temp,4,home,1,2021-04-16_21h10.50.562,target,5,0,0,,0,0
61_57,audio_temp,5,home,1,2021-04-18_18h05.49.892,target,7,0,0,,0,0
62_61,control,1,home,1,2021-04-14_12h00.13.932,target,0,0,0,,0,1
62_61,control,2,home,1,2021-04-15_15h55.44.823,target,1,0,0,,0,1
62_61,control,3,home,2,2021-04-16_07h52.22.741,target,2,0,0,,0,1
62_61,control,4,home,2,2021-04-17_06h58.57.662,target,3,0,0,,0,1
62_61,control,5,home,2,2021-04-18_05h57.42.364,target,4,0,0,,0,1
63_58,fd,1,home,1,2021-04-12_14h30.20.076,target,0,1,0,unusually high target task thresholds for ses1 and ses2; likely tech difficulties from participant,0,1
63_58,fd,2,home,2,2021-04-15_19h53.09.699,target,3,1,0,unusually high target task thresholds for ses1 and ses2; likely tech difficulties from participant,0,1
63_58,fd,3,home,2,2021-04-17_11h58.15.177,target,5,0,0,unusually high target task thresholds across sessions,0,1
63_58,fd,4,home,2,2021-04-19_15h57.34.986,target,7,0,0,unusually high target task thresholds across sessions,0,1
63_58,fd,5,home,2,2021-04-21_12h58.44.405,target,9,0,0,unusually high target task thresholds across sessions,0,1
64_59,control,1,bedroom,3,2021-04-12_18h02.24.304,target,0,0,0,,0,0
64_59,control,2,bedroom,4,2021-04-14_17h02.36.995,target,2,0,0,,0,0
64_59,control,3,bedroom,1,2021-04-17_12h58.25.859,target,5,0,0,,0,0
64_59,control,4,bedroom,2,2021-04-20_18h31.39.903,target,8,0,0,,0,0
64_59,control,5,bedroom,3,2021-04-22_17h58.20.451,target,10,0,0,,0,0
65_60,fdt,1,home,2,2021-04-13_21h39.28.683,target,0,0,0,,0,0
65_60,fdt,2,home,2,2021-04-16_14h44.02.516,target,3,0,0,,0,0
65_60,fdt,3,home,2,2021-04-20_13h35.26.906,target,7,0,0,,0,0
65_60,fdt,4,home,2,2021-04-23_15h03.41.215,target,10,0,0,,0,0
65_60,fdt,5,home,2,2021-04-27_17h37.16.082,target,14,0,0,,0,0
66_62,fdt,1,home,1,2021-04-15_22h15.08.805,target,0,0,0,,0,0
66_62,fdt,2,home,1,2021-04-18_14h05.25.216,target,3,0,0,,0,0
66_62,fdt,3,home,2,2021-04-19_22h41.04.547,target,4,0,0,,0,0
66_62,fdt,4,home,2,2021-04-21_21h03.58.684,target,6,0,0,,0,0
66_62,fdt,5,home,2,2021-04-22_14h54.19.887,target,7,0,0,,0,0
67_63,fd,1,home,1,2021-04-16_17h52.22.654,target,0,0,0,,0,0
67_63,fd,2,home,1,2021-04-17_19h32.11.882,target,1,0,0,,0,0
67_63,fd,3,home,1,2021-04-18_19h28.52.423,target,2,0,0,,0,0
67_63,fd,4,home,1,2021-04-19_10h02.35.290,target,3,0,0,,0,0
67_63,fd,5,home,1,2021-04-20_16h48.47.135,target,4,0,0,,0,0
69_64,audio_temp,1,home,3,2021-04-17_21h51.32.743,target,0,0,0,,0,1
69_64,audio_temp,2,home,2,2021-04-18_08h04.37.877,target,1,0,0,,0,1
69_64,audio_temp,3,home,2,2021-04-21_16h05.41.523,target,4,0,0,,0,1
69_64,audio_temp,4,home,4,2021-04-22_14h04.05.469,target,5,0,0,,0,1
69_64,audio_temp,5,home,3,2021-04-23_11h03.13.828,target,6,0,0,,0,1
70_65,fdt,1,home,2,2021-04-18_11h24.24.578,target,0,0,0,,0,1
70_65,fdt,2,home,2,2021-04-20_20h33.49.155,target,2,0,0,,0,1
70_65,fdt,3,home,2,2021-04-24_09h03.37.421,target,6,0,0,,0,1
70_65,fdt,4,home,3,2021-04-26_20h06.31.649,target,8,0,0,,0,1
70_65,fdt,5,home,3,2021-04-28_20h35.20.906,target,10,0,0,,0,1
71_66,control,1,home,2,2021-04-18_22h50.06.306,target,0,0,0,,0,0
71_66,control,2,home,2,2021-04-19_22h06.40.784,target,1,0,0,,0,0
71_66,control,3,home,2,2021-04-21_22h07.12.143,target,3,0,0,,0,0
71_66,control,4,home,2,2021-04-22_23h08.26.220,target,4,0,0,,0,0
71_66,control,5,home,2,2021-04-25_22h07.40.894,target,7,0,0,,0,0
72_68,control,1,home,1,2021-04-19_06h49.32.368,target,0,0,0,,0,0
72_68,control,2,home,1,2021-04-20_04h42.46.227,target,1,0,0,,0,0
72_68,control,3,home,1,2021-04-21_02h37.15.406,target,2,0,0,,0,0
72_68,control,4,home,1,2021-04-22_03h02.07.921,target,3,0,0,,0,0
72_68,control,5,home,1,2021-04-23_04h35.58.986,target,4,0,0,,0,0
73_73,audio_temp,1,school,4,2021-04-28_05h41.00.711,target,0,0,0,"exclude session 4 only; participant accidentally hit escape key and could not resume run mid-experiment; cannot determine num of trials ran, so had to withdraw",0,0
73_73,audio_temp,2,SCHOOL,3,2021-05-01_04h03.29.019,target,3,0,0,"exclude session 4 only; participant accidentally hit escape key and could not resume run mid-experiment; cannot determine num of trials ran, so had to withdraw",0,0
73_73,audio_temp,3,SCHOOL,2,2021-05-02_04h03.53.142,target,4,0,0,"exclude session 4 only; participant accidentally hit escape key and could not resume run mid-experiment; cannot determine num of trials ran, so had to withdraw",0,0
73_73,audio_temp,4,school,2,2021-05-03_04h08.40.935,target,5,0,0,"exclude session 4 only; participant accidentally hit escape key and could not resume run mid-experiment; cannot determine num of trials ran, so had to withdraw",1,0
73_73,audio_temp,5,,,,target,,0,0,"exclude session 4 only; participant accidentally hit escape key and could not resume run mid-experiment; cannot determine num of trials ran, so had to withdraw",0,0
74_69,audio_temp,1,home,2,2021-04-23_09h20.28.804,target,0,0,0,exclude session 5 only; participant's browser quit mid-run and could not resume where quit; cannot determine num of trials,0,0
74_69,audio_temp,2,home,1,2021-04-25_16h05.45.293,target,2,0,0,exclude session 5 only; participant's browser quit mid-run and could not resume where quit; cannot determine num of trials,0,0
74_69,audio_temp,3,home,1,2021-04-26_12h04.40.115,target,3,0,0,exclude session 5 only; participant's browser quit mid-run and could not resume where quit; cannot determine num of trials,0,0
74_69,audio_temp,4,restaurant,7,2021-04-28_13h04.42.011,target,5,0,0,exclude session 5 only; participant's browser quit mid-run and could not resume where quit; cannot determine num of trials,0,0
74_69,audio_temp,5,home,1,2021-04-30_10h13.30.439,target,7,0,0,exclude session 5 only; participant's browser quit mid-run and could not resume where quit; cannot determine num of trials,1,0
75_70,control,1,home,2,2021-04-24_15h28.39.050,target,0,0,0,,0,0
75_70,control,2,home,2,2021-04-27_10h29.20.102,target,3,0,0,,0,0
75_70,control,3,home,1,2021-04-29_20h56.18.888,target,5,0,0,,0,0
75_70,control,4,home,2,2021-05-01_10h32.02.455,target,7,0,0,,0,0
75_70,control,5,home,1,2021-05-02_12h00.09.318,target,8,0,0,,0,0
76_71,fd,1,Home,3,2021-04-25_21h50.20.119,target,0,0,0,,0,0
76_71,fd,2,Home,3,2021-04-27_20h03.15.125,target,2,0,0,,0,0
76_71,fd,3,Home,3,2021-04-29_17h40.32.970,target,4,0,0,,0,0
76_71,fd,4,Home,3,2021-04-30_17h27.59.033,target,5,0,0,,0,0
76_71,fd,5,Home,3,2021-05-02_09h30.03.261,target,7,0,0,,0,0
77_72,fd,1,home,2,2021-04-26_14h18.04.022,target,0,0,0,,0,1
77_72,fd,2,home,3,2021-04-27_09h33.35.211,target,1,0,0,,0,1
77_72,fd,3,office,3,2021-04-28_15h17.19.879,target,2,0,0,,0,1
77_72,fd,4,office,1,2021-04-29_10h02.54.856,target,3,0,0,,0,1
77_72,fd,5,office,2,2021-04-30_14h33.18.870,target,4,0,0,,0,1
78_74,fd,1,home,4,2021-04-28_18h21.29.061,target,0,0,0,,0,0
78_74,fd,2,home,2,2021-05-01_14h00.50.455,target,3,0,0,,0,0
78_74,fd,3,home,4,2021-05-02_13h28.21.067,target,4,0,0,,0,0
78_74,fd,4,home,3,2021-05-04_18h31.33.860,target,6,0,0,,0,0
78_74,fd,5,home,3,2021-05-06_19h30.54.427,target,8,0,0,,0,0
79_75,fdt,1,home,3,2021-04-29_19h47.01.910,target,0,0,0,,0,0
79_75,fdt,2,home,1,2021-05-02_08h34.15.597,target,3,0,0,,0,0
79_75,fdt,3,home,2,2021-05-03_18h04.04.392,target,4,0,0,,0,0
79_75,fdt,4,home,2,2021-05-04_17h33.33.917,target,5,0,0,,0,0
79_75,fdt,5,home,2,2021-05-06_17h32.48.218,target,7,0,0,,0,0
80_77,fd,1,home,2,2021-05-03_11h00.25.037,target,0,1,1,unusually high threshold,0,0
80_77,fd,2,,,,target,,1,1,unusually high threshold,0,0
80_77,fd,3,,,,target,,1,1,unusually high threshold,0,0
80_77,fd,4,,,,target,,1,1,unusually high threshold,0,0
80_77,fd,5,,,,target,,1,1,unusually high threshold,0,0
81_76,audio_temp,1,home,1,2021-05-01_12h45.44.821,target,0,0,0,,0,0
81_76,audio_temp,2,home,1,2021-05-02_10h50.20.493,target,1,0,0,,0,0
81_76,audio_temp,3,,,,target,,0,0,,1,0
81_76,audio_temp,4,home,1,2021-05-05_11h03.04.507,target,4,0,0,,0,0
81_76,audio_temp,5,home,1,2021-05-06_10h50.06.097,target,5,0,0,,0,0
82_78,audio_temp,1,Home,1,2021-05-03_23h18.49.543,target,0,0,1,unusually high threshold,0,0
82_78,audio_temp,2,,,,target,,0,1,unusually high threshold,0,0
82_78,audio_temp,3,,,,target,,0,1,unusually high threshold,0,0
82_78,audio_temp,4,,,,target,,0,1,unusually high threshold,0,0
82_78,audio_temp,5,,,,target,,0,1,unusually high threshold,0,0
83_79,audio_temp,1,home,3.5,2021-05-04_13h27.12.303,target,0,0,0,,0,0
83_79,audio_temp,2,home,2,2021-05-05_13h03.27.642,target,1,0,0,,0,0
83_79,audio_temp,3,home,2,2021-05-06_10h00.44.036,target,2,0,0,,0,0
83_79,audio_temp,4,home,2.5,2021-05-07_11h04.13.669,target,3,0,0,,0,0
83_79,audio_temp,5,home,3,2021-05-10_11h32.37.320,target,6,0,0,,0,0
84_80,fd,1,Home,2,2021-05-04_16h30.16.797,target,0,1,1,unusually high threshold across sessions,0,0
84_80,fd,2,Home,2,2021-05-06_09h04.57.825,target,2,1,1,unusually high threshold across sessions,0,0
84_80,fd,3,Home,2,2021-05-07_09h04.19.205,target,3,1,1,unusually high threshold across sessions,0,0
84_80,fd,4,,,,target,,1,1,unusually high threshold across sessions,0,0
84_80,fd,5,,,,target,,1,1,unusually high threshold across sessions,0,0
85_81,audio_temp,1,home,3,2021-05-04_20h55.03.351,target,0,0,0,,0,1
85_81,audio_temp,2,home,2,2021-05-05_12h05.15.281,target,1,0,0,,0,1
85_81,audio_temp,3,home,2,2021-05-06_18h34.13.151,target,2,0,0,,0,1
85_81,audio_temp,4,home,2,2021-05-07_17h04.10.237,target,3,0,0,,0,1
85_81,audio_temp,5,home,3,2021-05-10_12h34.10.341,target,6,0,0,,0,1
87_83,fd,1,Home,2,2021-05-10_14h35.00.654,target,0,0,0,,0,0
87_83,fd,2,Home,2,2021-05-11_11h05.30.286,target,1,0,0,,0,0
87_83,fd,3,Home,2,2021-05-12_15h35.02.436,target,2,0,0,,0,0
87_83,fd,4,Home,1,2021-05-13_15h35.57.346,target,3,0,0,,0,0
87_83,fd,5,Home,2,2021-05-14_15h54.15.808,target,4,0,0,,0,0
88_82,audio_temp,1,home,2,2021-05-09_15h23.47.450,target,0,0,0,,0,0
88_82,audio_temp,2,home,3,2021-05-10_12h36.31.919,target,1,0,0,,0,0
88_82,audio_temp,3,home,3,2021-05-13_19h22.37.152,target,4,0,0,,0,0
88_82,audio_temp,4,home,3,2021-05-14_09h03.05.629,target,5,0,0,,0,0
88_82,audio_temp,5,home,2,2021-05-15_08h59.53.214,target,6,0,0,,0,0
